term_id,concept_id,source_term,preferred_id,variants,rejected,scope,register,status,evidence,notes
PC2E-TERM-0001,concept-precalculus,Precalculus,Prakalkulus,pre-kalkulus,,work title,formal,provisional,OpenStax work title,Use title capitalization Prakalkulus; confirm against Indonesian higher-education usage.
PC2E-TERM-0002,concept-function,function,fungsi,,,all mathematics,formal,accepted_initial,standard Indonesian mathematics usage,
PC2E-TERM-0003,concept-linear-function,linear function,fungsi linear,,,chapter and section titles,formal,accepted,standard Indonesian mathematics usage and m49321 chapter introduction,
PC2E-TERM-0004,concept-polynomial-function,polynomial function,fungsi polinomial,fungsi suku banyak,,reader prose,formal,accepted,2024 Indonesian Ministry Matematika Tingkat Lanjut textbook polynomial chapter and m49346,Use fungsi polinomial formally; fungsi suku banyak may be explanatory but is not needed in this edition.
PC2E-TERM-0005,concept-rational-function,rational function,fungsi rasional,,,reader prose,formal,accepted_initial,standard Indonesian mathematics usage,
PC2E-TERM-0006,concept-exponential-function,exponential function,fungsi eksponensial,,,reader prose,formal,superseded,standard Indonesian mathematics usage,Superseded by the field-evidence-bound PC2E-TERM-0198 record for the same concept.
PC2E-TERM-0007,concept-logarithmic-function,logarithmic function,fungsi logaritma,fungsi logaritmik,,reader prose,formal,accepted,official Kemdikbudristek 2024 advanced-mathematics textbook and Universitas Jember 2019 calculus textbook,Prefer fungsi logaritma; retain logaritmik for operations or derivatives such as diferensial logaritmik rather than the function name.
PC2E-TERM-0008,concept-trigonometric-function,trigonometric function,fungsi trigonometri,,,reader prose,formal,accepted_initial,standard Indonesian mathematics usage,
PC2E-TERM-0009,concept-equation,equation,persamaan,,,all mathematics,formal,accepted_initial,standard Indonesian mathematics usage,
PC2E-TERM-0010,concept-inequality,inequality,pertidaksamaan,,,all mathematics,formal,accepted_initial,standard Indonesian mathematics usage,
PC2E-TERM-0011,concept-analytic-geometry,analytic geometry,geometri analitik,,,chapter title,formal,accepted_initial,standard Indonesian mathematics usage,
PC2E-TERM-0012,concept-sequence,sequence,barisan,,,all mathematics,formal,accepted_initial,standard Indonesian mathematics usage,Distinguish series=deret.
PC2E-TERM-0013,concept-probability,probability,peluang,probabilitas,,all mathematics,formal,accepted_initial,cross-corpus Indonesian convention,Use peluang for mathematical probability; retain probabilitas only in proper terminology where justified.
PC2E-TERM-0014,concept-counting-theory,counting theory,teori pencacahan,teori penghitungan,,chapter title,formal,provisional,Indonesian combinatorics usage,
PC2E-TERM-0015,concept-calculus,calculus,kalkulus,,,all mathematics,formal,accepted_initial,standard Indonesian mathematics usage,
PC2E-TERM-0016,concept-relation,relation,relasi,,,functions and relations,formal,accepted,first substantive use in m49301,Distinguish relation from function.
PC2E-TERM-0017,concept-ordered-pair,ordered pair,pasangan terurut,,,all mathematics,formal,accepted,first substantive use in m49301,
PC2E-TERM-0018,concept-domain,domain,domain,daerah asal,,functions and relations,formal,accepted,Indonesian mathematical usage plus Kemdikbudristek 2024 and Universitas Jember 2019 field witnesses,Use domain consistently in the corpus; daerah asal is an accepted explanatory and formal Indonesian variant.
PC2E-TERM-0019,concept-range,range,range (daerah hasil),daerah hasil|daerah nilai|range,rentang|jangkauan,functions and relations,formal,accepted,m49301 plus Kemdikbudristek 2024 daerah hasil Universitas Jember 2019 daerah nilai and Universitas Indonesia domain-kodomain-range usage,Introduce both forms once; range remains the corpus default while daerah hasil or daerah nilai may appear pedagogically without being treated as an inconsistency.
PC2E-TERM-0020,concept-input,input,masukan,input,,functions and computation,formal,accepted,first substantive use in m49301,
PC2E-TERM-0021,concept-output,output,keluaran,output,,functions and computation,formal,accepted,first substantive use in m49301,
PC2E-TERM-0022,concept-independent-variable,independent variable,variabel bebas,,,functions and statistics,formal,accepted,standard Indonesian mathematical usage,
PC2E-TERM-0023,concept-dependent-variable,dependent variable,variabel terikat,,,functions and statistics,formal,accepted,standard Indonesian mathematical usage,
PC2E-TERM-0024,concept-function-notation,function notation,notasi fungsi,,,functions,formal,accepted,first substantive use in m49301,
PC2E-TERM-0025,concept-one-to-one-function,one-to-one function,fungsi satu-ke-satu,fungsi injektif,,functions,formal,accepted,m49301 learning objective and m49320 definition/glossary,Use explanatory form in introductory prose; introduce injektif when the source does.
PC2E-TERM-0026,concept-vertical-line-test,vertical line test,uji garis vertikal,,,functions and graphs,formal,accepted,standard Indonesian mathematical usage,
PC2E-TERM-0027,concept-horizontal-line-test,horizontal line test,uji garis horizontal,,,functions and graphs,formal,accepted,standard Indonesian mathematical usage,
PC2E-TERM-0028,concept-evaluate-function,evaluate a function,mengevaluasi fungsi,menghitung nilai fungsi,,functions,formal,accepted,m49301 definition,Use menghitung nilai fungsi when it reads more naturally in explanatory prose.
PC2E-TERM-0029,concept-solve-for-input,solve for the input,menyelesaikan terhadap masukan,mencari nilai masukan,,functions and equations,formal,accepted,m49301 definition,Do not translate solve as mengevaluasi.
PC2E-TERM-0030,concept-toolkit-function,toolkit function,fungsi dasar,fungsi toolkit,,functions,formal,superseded,m49301 first substantive use,Superseded by the fuller PC2E-TERM-0085 record for the same concept.
PC2E-TERM-0031,concept-constant-function,constant function,fungsi konstan,,,functions,formal,accepted,standard Indonesian mathematical usage,
PC2E-TERM-0032,concept-identity-function,identity function,fungsi identitas,,,functions,formal,accepted,standard Indonesian mathematical usage,
PC2E-TERM-0033,concept-absolute-value-function,absolute value function,fungsi nilai mutlak,,,functions,formal,accepted,standard Indonesian mathematical usage,
PC2E-TERM-0034,concept-quadratic-function,quadratic function,fungsi kuadrat,,,functions,formal,accepted,standard Indonesian mathematical usage,
PC2E-TERM-0035,concept-cubic-function,cubic function,fungsi kubik,,,functions,formal,accepted,standard Indonesian mathematical usage,
PC2E-TERM-0036,concept-reciprocal-function,reciprocal function,fungsi resiprokal,fungsi kebalikan,,functions,formal,accepted,distinguishes reciprocal from inverse function,Use resiprokal to avoid collision with fungsi invers.
PC2E-TERM-0037,concept-reciprocal-squared-function,reciprocal squared function,fungsi kuadrat resiprokal,fungsi resiprokal kuadrat,,functions,formal,accepted,m49301 formula 1/x^2,
PC2E-TERM-0038,concept-square-root-function,square root function,fungsi akar kuadrat,,,functions,formal,accepted,standard Indonesian mathematical usage,
PC2E-TERM-0039,concept-cube-root-function,cube root function,fungsi akar pangkat tiga,fungsi akar kubik,,functions,formal,accepted,standard Indonesian mathematical usage,
PC2E-TERM-0040,concept-interval-notation,interval notation,notasi interval,,,sets and functions,formal,accepted,m49304 first substantive use,
PC2E-TERM-0041,concept-set-builder-notation,set-builder notation,notasi pembentuk himpunan,,,sets and functions,formal,accepted,m49304 first substantive use,
PC2E-TERM-0042,concept-piecewise-function,piecewise function,fungsi sesepenggal,fungsi sepotong-sepotong|fungsi potongan,,functions,formal,accepted,official Kemdikbudristek 2024 advanced-mathematics textbook and m49304 terminology QA,Introduce fungsi sesepenggal with the explanatory gloss fungsi yang didefinisikan secara sepotong-sepotong at first substantive use.
PC2E-TERM-0043,concept-piecewise-defined-function,piecewise-defined function,fungsi yang didefinisikan secara sesepenggal,fungsi yang didefinisikan secara sepotong-sepotong,,functions,formal,accepted,official Kemdikbudristek 2024 advanced-mathematics textbook and m49304 terminology QA,Use fungsi sesepenggal as the concise concept label.
PC2E-TERM-0044,concept-even-root,even root,akar berpangkat genap,,,radicals and functions,formal,accepted,m49304 first substantive use,
PC2E-TERM-0045,concept-real-number-line,real-number line,garis bilangan real,,,sets and functions,formal,accepted,m49304 first substantive use,
PC2E-TERM-0046,concept-endpoint,endpoint,titik ujung,,,intervals and graphs,formal,accepted,m49304 first substantive use,
PC2E-TERM-0047,concept-union,union,gabungan,gabungan himpunan,,sets and intervals,formal,accepted,m49304 first substantive use,
PC2E-TERM-0048,concept-viewing-window,viewing window,jendela tampilan,,,graphing technology,formal,accepted,m49304 technology exercises,
PC2E-TERM-0049,concept-magnitude,magnitude,besar nilai,magnitudo,,absolute value,formal,accepted,m49304 absolute-value explanation,Prefer besar nilai in explanatory prose.
PC2E-TERM-0050,concept-modulus,modulus,modulus,,,absolute value,formal,accepted,m49304 absolute-value explanation,
PC2E-TERM-0051,concept-open-interval,open interval,interval terbuka,,,sets and intervals,formal,accepted,m49304 first substantive use,
PC2E-TERM-0052,concept-closed-interval,closed interval,interval tertutup,,,sets and intervals,formal,accepted,m49304 first substantive use,
PC2E-TERM-0053,concept-half-open-interval,half-open interval,interval setengah terbuka,interval setengah tertutup,,sets and intervals,formal,accepted,m49304 first substantive use,Use the variant only when emphasizing the closed endpoint.
PC2E-TERM-0054,concept-infinity,infinity,tak hingga,,,sets and intervals,formal,accepted,m49304 interval notation,
PC2E-TERM-0055,concept-verbal-exercises,Verbal,Verbal,,,section-exercise label,formal,accepted,m49304 section exercises,The same spelling is established Indonesian usage.
PC2E-TERM-0056,concept-algebraic-exercises,Algebraic,Aljabar,,,section-exercise label,formal,accepted,m49304 section exercises,
PC2E-TERM-0057,concept-graphical-exercises,Graphical,Grafis,,,section-exercise label,formal,accepted,m49304 section exercises,
PC2E-TERM-0058,concept-numeric-exercises,Numeric,Numerik,,,section-exercise label,formal,accepted,m49304 section exercises,
PC2E-TERM-0059,concept-technology-exercises,Technology,Teknologi,,,section-exercise label,formal,accepted,m49304 section exercises,
PC2E-TERM-0060,concept-extension-exercises,Extension,Pengayaan,,,section-exercise label,formal,accepted,m49304 section exercises,
PC2E-TERM-0061,concept-real-world-applications,Real-World Applications,Aplikasi Dunia Nyata,,,section-exercise label,formal,accepted,m49304 section exercises,
PC2E-TERM-0062,concept-nonnegative,nonnegative,nonnegatif,tak negatif; tidak negatif,taknegatif,sign and range language,formal,accepted,m49304 radicand and range explanations,Use the closed compound nonnegatif consistently in formal mathematical prose.
PC2E-TERM-0063,concept-rate-of-change,rate of change,laju perubahan,,,functions and modeling,formal,accepted,m49306 first substantive use,
PC2E-TERM-0064,concept-average-rate-of-change,average rate of change,laju perubahan rata-rata,,,functions and modeling,formal,accepted,m49306 first substantive use,
PC2E-TERM-0065,concept-increasing-function,increasing function,fungsi naik,fungsi yang naik,meningkat,functions and graphs,formal,accepted,m49306 definition and glossary,Use naik for the formal interval property; meningkat remains available as an ordinary descriptive verb.
PC2E-TERM-0066,concept-decreasing-function,decreasing function,fungsi turun,fungsi yang turun,menurun,functions and graphs,formal,accepted,m49306 definition and glossary,Use turun for the formal interval property; menurun remains available as an ordinary descriptive verb.
PC2E-TERM-0067,concept-local-maximum,local maximum,maksimum lokal,,,functions and graphs,formal,accepted,m49306 first substantive use,
PC2E-TERM-0068,concept-local-minimum,local minimum,minimum lokal,,,functions and graphs,formal,accepted,m49306 first substantive use,
PC2E-TERM-0069,concept-local-extrema,local extrema,ekstrem lokal,ekstremum lokal,,functions and graphs,formal,accepted,m49306 definition and glossary,Use ekstrem lokal as the corpus label; ekstremum is retained only for a single extremum in explanatory prose.
PC2E-TERM-0070,concept-absolute-maximum,absolute maximum,maksimum mutlak,,,functions and graphs,formal,accepted,m49306 first substantive use,
PC2E-TERM-0071,concept-absolute-minimum,absolute minimum,minimum mutlak,,,functions and graphs,formal,accepted,m49306 first substantive use,
PC2E-TERM-0072,concept-electrostatic-force,electrostatic force,gaya elektrostatik,,,applications,formal,accepted,m49306 Example 5,
PC2E-TERM-0073,concept-algebraic-operation,algebraic operation,operasi aljabar,,,function operations,formal,accepted,m49308 section heading and explanation,
PC2E-TERM-0074,concept-combine-functions,combine functions,menggabungkan fungsi,mengombinasikan fungsi,,function operations,formal,accepted,m49308 term-00002 and explanatory prose,Use menggabungkan for the general operation and mengomposisikan for composition specifically.
PC2E-TERM-0075,concept-function-composition,function composition,komposisi fungsi,composition of functions,,function composition,formal,accepted,m49308 title and term-00003,
PC2E-TERM-0076,concept-composite-function,composite function,fungsi komposit,,,function composition,formal,accepted,m49308 term-00004 and glossary,
PC2E-TERM-0077,concept-composition-operator,composition operator,operator komposisi,,,function composition,formal,accepted,m49308 fs-id1165137466004,
PC2E-TERM-0078,concept-inner-function,inner function,fungsi dalam,,,function composition,formal,accepted,m49308 evaluation procedure and key concepts,Use fungsi dalam rather than fungsi bagian dalam.
PC2E-TERM-0079,concept-outer-function,outer function,fungsi luar,,,function composition,formal,accepted,m49308 evaluation procedure and key concepts,
PC2E-TERM-0080,concept-component-function,component function,fungsi komponen,fungsi penyusun,,function composition,formal,accepted,m49308 learning objective and decomposition section,
PC2E-TERM-0081,concept-decompose-composite-function,decompose a composite function,menguraikan fungsi komposit,dekomposisi fungsi komposit,,function composition,formal,accepted,m49308 term-00007,
PC2E-TERM-0082,concept-composite-function-domain,domain of a composite function,domain fungsi komposit,,,function composition,formal,accepted,m49308 term-00006 and definition,
PC2E-TERM-0083,concept-commutative,commutative,komutatif,,,function composition,formal,accepted,m49308 term-00005,
PC2E-TERM-0084,concept-function-transformation,function transformation,transformasi fungsi,,,function transformations,formal,accepted,m49312 title and instructional prose,
PC2E-TERM-0085,concept-toolkit-function,toolkit function,fungsi dasar,fungsi acuan,fungsi perangkat,function transformations,formal,accepted,m49312 recurring prose,Use fungsi dasar consistently; reject the literal and unnatural fungsi perangkat.
PC2E-TERM-0086,concept-vertical-shift,vertical shift,pergeseran vertikal,,,function transformations,formal,accepted,m49312 term-00002 and glossary,
PC2E-TERM-0087,concept-horizontal-shift,horizontal shift,pergeseran horizontal,,,function transformations,formal,accepted,m49312 term-00004 and glossary,
PC2E-TERM-0088,concept-vertical-reflection,vertical reflection,pencerminan vertikal,,,function transformations,formal,accepted,m49312 term-00005 and glossary,Reflection across the x-axis by multiplying outputs by minus one.
PC2E-TERM-0089,concept-horizontal-reflection,horizontal reflection,pencerminan horizontal,,,function transformations,formal,accepted,m49312 term-00006 and glossary,Reflection across the y-axis by multiplying inputs by minus one.
PC2E-TERM-0090,concept-even-function,even function,fungsi genap,,,function symmetry,formal,accepted,m49312 term-00007 and glossary,
PC2E-TERM-0091,concept-odd-function,odd function,fungsi ganjil,,,function symmetry,formal,accepted,m49312 term-00008 and glossary,
PC2E-TERM-0092,concept-vertical-stretch,vertical stretch,peregangan vertikal,,,function transformations,formal,accepted,m49312 term-00009 and glossary,
PC2E-TERM-0093,concept-vertical-compression,vertical compression,pemampatan vertikal,,,function transformations,formal,accepted,m49312 term-00010 and glossary,
PC2E-TERM-0094,concept-horizontal-stretch,horizontal stretch,peregangan horizontal,,,function transformations,formal,accepted,m49312 term-00011 and glossary,
PC2E-TERM-0095,concept-horizontal-compression,horizontal compression,pemampatan horizontal,,,function transformations,formal,accepted,m49312 term-00012 and glossary,
PC2E-TERM-0096,concept-absolute-value,absolute value,nilai mutlak,,,absolute value,formal,accepted,m49314 term-00002 and recurring prose,
PC2E-TERM-0097,concept-absolute-value-equation,absolute value equation,persamaan nilai mutlak,,,absolute value equations,formal,accepted,m49314 term-00005 and glossary,
PC2E-TERM-0098,concept-absolute-value-inequality,absolute value inequality,pertidaksamaan nilai mutlak,ketidaksamaan nilai mutlak,,absolute value inequalities,formal,accepted,m49314 term-00006 and glossary,Use pertidaksamaan as the preferred Indonesian school-mathematics term.
PC2E-TERM-0099,concept-origin,origin,titik asal,,,coordinate geometry,formal,accepted,m49314 term-00003 and recurring graph descriptions,
PC2E-TERM-0100,concept-reciprocal-number,reciprocal,resiprokal,kebalikan,,numbers and functions,formal,accepted,m49320 glossary,Use for the multiplicative reciprocal of a number and keep distinct from an inverse function.
PC2E-TERM-0101,concept-inverse-function,inverse function,fungsi invers,fungsi balikan,fungsi kebalikan,inverse functions,formal,accepted,m49320 title definition and glossary,Keep distinct from fungsi resiprokal.
PC2E-TERM-0102,concept-domain-restriction,restricting the domain,membatasi domain,pembatasan domain,,inverse functions,formal,accepted,m49320 subsection and glossary,Use the verbal or nominal form according to sentence grammar.
PC2E-TERM-0103,concept-celsius,Celsius,Celsius,derajat Celsius,,temperature scales,formal,accepted,m49320 opener,Scale name is unchanged; use derajat Celsius only when degree wording is explicit.
PC2E-TERM-0104,concept-fahrenheit,Fahrenheit,Fahrenheit,derajat Fahrenheit,,temperature scales,formal,accepted,m49320 opener,Scale name is unchanged; use derajat Fahrenheit only when degree wording is explicit.
PC2E-TERM-0105,concept-graphing-utility,graphing utility,perangkat grafik,alat bantu grafik,,technology exercises,formal,accepted,m49306 visual accessibility and m49320 exercise instructions,Use consistently for a graphing calculator or equivalent graphing device unless the source names a specific tool.
PC2E-TERM-0106,concept-slope,slope,gradien,kemiringan,slope,linear functions,formal,accepted,m49324 term-00003 term-00009 and glossary,Use gradien as the formal mathematical term; kemiringan may explain the geometric intuition.
PC2E-TERM-0107,concept-y-intercept,y-intercept,titik potong sumbu y,intersep-y,,linear functions,formal,accepted,m49324 term-00004 and glossary,Name the axis explicitly in learner-facing prose.
PC2E-TERM-0108,concept-slope-intercept-form,slope-intercept form,bentuk gradien–titik potong sumbu y,bentuk gradien-intersep,,linear equations,formal,accepted,m49324 term-00001 and glossary,Use an en dash between the two defining components.
PC2E-TERM-0109,concept-point-slope-form,point-slope form,bentuk titik-gradien,bentuk titik-kemiringan,,linear equations,formal,accepted,m49324 term-00010 and glossary,
PC2E-TERM-0110,concept-increasing-linear-function,increasing linear function,fungsi linear naik,fungsi linear yang naik,,linear functions,formal,accepted,m49324 term-00007 and glossary,
PC2E-TERM-0111,concept-decreasing-linear-function,decreasing linear function,fungsi linear turun,fungsi linear yang turun,,linear functions,formal,accepted,m49324 term-00008 and glossary,
PC2E-TERM-0112,concept-linear-equation,linear equation,persamaan linear,,,linear equations,formal,accepted,m49324 section title and recurring prose,
PC2E-TERM-0113,concept-horizontal-line,horizontal line,garis horizontal,,,linear functions and graphs,formal,accepted,m50389 term and glossary,Use the axis orientation term garis horizontal consistently.
PC2E-TERM-0114,concept-parallel-lines,parallel lines,garis-garis sejajar,garis sejajar,,linear functions and graphs,formal,accepted,m50389 term and glossary,Use the plural form for the glossary concept and the singular form when grammar requires it.
PC2E-TERM-0115,concept-perpendicular-lines,perpendicular lines,garis-garis tegak lurus,garis tegak lurus,,linear functions and graphs,formal,accepted,m50389 term and glossary,Use tegak lurus rather than a transliterated form.
PC2E-TERM-0116,concept-vertical-line,vertical line,garis vertikal,,,linear functions and graphs,formal,accepted,m50389 term and glossary,
PC2E-TERM-0117,concept-x-intercept,x-intercept,titik potong sumbu x,intersep-x,,linear functions and graphs,formal,accepted,m50389 term and glossary,Name the axis explicitly in learner-facing prose.
PC2E-TERM-0118,concept-system-linear-equations,system of linear equations,sistem persamaan linear,,,linear systems,formal,accepted,m50389 systems-by-graphing section,
PC2E-TERM-0119,concept-break-even-point,break-even point,titik impas,,,linear modeling,formal,accepted,m50389 helmet cost-and-revenue example,
PC2E-TERM-0120,concept-rise,rise,kenaikan,,,slope and graphing,formal,accepted,m50389 graphing procedure and localized figures,Use kenaikan for the signed vertical change in the rise-over-run ratio.
PC2E-TERM-0121,concept-run,run,pergeseran mendatar,,,slope and graphing,formal,accepted,m50389 graphing procedure and localized figures,Use pergeseran mendatar for the signed horizontal change in the rise-over-run ratio.
PC2E-TERM-0122,concept-compression,compression,pemampatan,kompresi,,function transformations,formal,accepted,m50389 term-00004 and transformation prose,Prefer the established Indonesian mathematical noun pemampatan.
PC2E-TERM-0123,concept-modeling,modeling,pemodelan,memodelkan,,mathematical modeling,formal,accepted,m49326 title and recurring prose,Use pemodelan as the noun and memodelkan as the verb.
PC2E-TERM-0124,concept-linear-model,linear model,model linear,,,linear modeling,formal,accepted,m49326 title and examples,
PC2E-TERM-0125,concept-initial-value,initial value,nilai awal,,,linear modeling,formal,accepted,m49326 term-00002 and glossary,
PC2E-TERM-0126,concept-constant-rate-of-change,constant rate of change,laju perubahan konstan,,,linear modeling,formal,accepted,m49326 term-00003 and glossary,
PC2E-TERM-0127,concept-system-linear-models,system of linear models,sistem model linear,,,linear modeling,formal,accepted,m49326 systems section,Use sistem persamaan linear when the source specifically names equations rather than models.
PC2E-TERM-0128,concept-unit-analysis,unit analysis,analisis satuan,,,model validation,formal,accepted,m49326 modeling procedure and glossary,
PC2E-TERM-0129,concept-scatter-plot,scatter plot,diagram pencar,plot pencar,,statistics and data modeling,formal,accepted,m49327 title prose exercises and accessibility text,Use diagram pencar consistently in formal learner-facing prose.
PC2E-TERM-0130,concept-line-of-best-fit,line of best fit,garis kecocokan terbaik,garis paling sesuai,,linear regression,formal,accepted,m49327 instructional prose and localized figures,Use garis kecocokan terbaik as the stable term and garis yang paling sesuai only in explanatory prose.
PC2E-TERM-0131,concept-interpolation,interpolation,interpolasi,,,mathematical modeling,formal,accepted,m49327 term-00002 and recurring prose,
PC2E-TERM-0132,concept-extrapolation,extrapolation,ekstrapolasi,,,mathematical modeling,formal,accepted,m49327 term-00001 and recurring prose,
PC2E-TERM-0133,concept-model-breakdown,model breakdown,kegagalan model,,,model validation,formal,accepted,m49327 term-00003 and glossary,
PC2E-TERM-0134,concept-least-squares-regression,least-squares regression,regresi kuadrat terkecil,,,statistics and linear regression,formal,accepted,m49327 method definition examples and glossary,The objective is the sum of squared vertical residuals.
PC2E-TERM-0135,concept-correlation-coefficient,correlation coefficient,koefisien korelasi,,,statistics and linear regression,formal,accepted,m49327 term-00004 and recurring prose,Retain the symbol r and state that it measures linear association.
PC2E-TERM-0136,concept-regression-line,regression line,garis regresi,,,statistics and linear regression,formal,accepted,m49327 term-00005 and recurring prose,
PC2E-TERM-0137,concept-complex-number,complex number,bilangan kompleks,,,complex numbers,formal,accepted,m49335 title definitions examples exercises and glossary,
PC2E-TERM-0138,concept-imaginary-number,imaginary number,bilangan imajiner,,,complex numbers,formal,accepted,m49335 prose examples exercises and glossary,Use for numbers of the form bi with real b; do not use angka imajiner.
PC2E-TERM-0139,concept-imaginary-unit,imaginary unit,unit imajiner,,,complex numbers,formal,accepted,m49335 definition of i,Retain the symbol i unchanged.
PC2E-TERM-0140,concept-real-part,real part,bagian real,,,complex numbers,formal,accepted,m49335 prose figures exercises and glossary,
PC2E-TERM-0141,concept-imaginary-part,imaginary part,bagian imajiner,,,complex numbers,formal,accepted,m49335 prose figures exercises and glossary,Use bagian imajiner for 2i in Figure 03_01_001; the source alt incorrectly says complex part.
PC2E-TERM-0142,concept-complex-plane,complex plane,bidang kompleks,,,complex-number geometry,formal,accepted,m49335 section title prose figures exercises and glossary,
PC2E-TERM-0143,concept-real-axis,real axis,sumbu real,,,complex-number geometry,formal,accepted,m49335 plotting section figures exercises and glossary,
PC2E-TERM-0144,concept-imaginary-axis,imaginary axis,sumbu imajiner,,,complex-number geometry,formal,accepted,m49335 plotting section figures exercises and glossary,
PC2E-TERM-0145,concept-complex-conjugate,complex conjugate,konjugat kompleks,,,complex-number arithmetic,formal,accepted,m49335 division section examples key concepts and glossary,
PC2E-TERM-0146,concept-parabola,parabola,parabola,,,quadratic functions,formal,accepted,m49337 prose figures examples exercises and glossary,Identical standard Indonesian mathematical term.
PC2E-TERM-0147,concept-vertex,vertex,titik puncak,puncak,,quadratic functions and conics,formal,accepted,m49337 prose figures procedures exercises and glossary,Prefer titik puncak in formal learner-facing prose.
PC2E-TERM-0148,concept-axis-of-symmetry,axis of symmetry,sumbu simetri,,,quadratic functions and conics,formal,accepted,m49337 prose figures procedures exercises and glossary,
PC2E-TERM-0149,concept-function-zero,zero,nilai nol,nol fungsi|pembuat nol,,functions and equations,formal,accepted,m49337 zeros section and official 2024 Indonesian advanced-mathematics textbook pp. 70-86,Keep nilai nol for corpus consistency; pembuat nol is an accepted official Indonesian synonym while akar remains the term for an equation root.
PC2E-TERM-0150,concept-function-root,root,akar,,,functions and equations,formal,accepted,m49337 zeros section and glossary,Use as the equation-solving synonym of function zero.
PC2E-TERM-0151,concept-quadratic-general-form,general form of a quadratic function,bentuk umum fungsi kuadrat,bentuk umum,,quadratic functions,formal,accepted,m49337 definitions examples key equations and glossary,Preserve the source book's naming for ax²+bx+c.
PC2E-TERM-0152,concept-quadratic-standard-form,standard form of a quadratic function,bentuk standar fungsi kuadrat,bentuk standar,,quadratic functions,formal,accepted,m49337 definitions examples key equations and glossary,Preserve the source book's naming for a(x−h)²+k.
PC2E-TERM-0153,concept-quadratic-vertex-form,vertex form of a quadratic function,bentuk titik puncak fungsi kuadrat,bentuk titik puncak,,quadratic functions,formal,accepted,m49337 glossary,The source treats this as another name for its standard form.
PC2E-TERM-0154,concept-stretch-factor,stretch factor,faktor peregangan,,,function transformations,formal,accepted,m49337 transformation prose and procedures,
PC2E-TERM-0155,concept-leading-coefficient,leading coefficient,koefisien utama,,,polynomials and quadratic functions,formal,accepted,m49337 maximum-minimum and graph analysis prose,
PC2E-TERM-0156,concept-maximum-value,maximum value,nilai maksimum,,,functions and optimization,formal,accepted,m49337 maximum-minimum section examples figures and exercises,
PC2E-TERM-0157,concept-minimum-value,minimum value,nilai minimum,,,functions and optimization,formal,accepted,m49337 maximum-minimum section examples figures and exercises,
PC2E-TERM-0158,concept-power-function,power function,fungsi pangkat,,,power functions,formal,accepted,2024 Indonesian Ministry Matematika Tingkat Lanjut textbook and m49346 definitions examples exercises and glossary,
PC2E-TERM-0159,concept-coefficient,coefficient,koefisien,,,algebra and functions,formal,accepted,2024 Indonesian Ministry Matematika Tingkat Lanjut textbook and m49346 definition and glossary,
PC2E-TERM-0160,concept-polynomial-degree,degree,derajat,,,polynomials,formal,accepted,2024 Indonesian Ministry Matematika Tingkat Lanjut textbook printed pages 55–59 and m49346,
PC2E-TERM-0161,concept-leading-term,leading term,suku utama,,,polynomials,formal,accepted,2024 Indonesian Ministry Matematika Tingkat Lanjut textbook printed pages 56–59 and m49346,
PC2E-TERM-0162,concept-end-behavior,end behavior,perilaku ujung,,,function graphs,formal,accepted,2024 Indonesian Ministry Matematika Tingkat Lanjut textbook printed pages 57–59 and m49346,Use perilaku ujung for limiting graph direction as x approaches positive or negative infinity.
PC2E-TERM-0163,concept-turning-point,turning point,titik balik,,,function graphs,formal,accepted,m49346 definition figures exercises and glossary,Distinguish from titik belok which ordinarily denotes an inflection point.
PC2E-TERM-0164,concept-continuous-function,continuous function,fungsi kontinu,,,functions and analysis,formal,accepted,m49346 definition and glossary,
PC2E-TERM-0165,concept-smooth-curve,smooth curve,kurva mulus,kurva halus,,function graphs,formal,accepted,2024 Indonesian Ministry Matematika Tingkat Lanjut textbook uses both kurva mulus and kurva halus; m49346 uses kurva mulus,Prefer kurva mulus in the formal polynomial continuity definition; accept kurva halus as ordinary explanatory prose.
PC2E-TERM-0166,concept-even-power-function,even-powered power function,fungsi berpangkat genap,fungsi pangkat berderajat genap,,power functions,formal,accepted,m49346 parity section compared with the 2024 Ministry textbook's polynomial degree convention,Reserve berderajat genap for polynomials and use berpangkat genap for power functions.
PC2E-TERM-0167,concept-odd-power-function,odd-powered power function,fungsi berpangkat ganjil,fungsi pangkat berderajat ganjil,,power functions,formal,accepted,m49346 parity section compared with the 2024 Ministry textbook's polynomial degree convention,Reserve berderajat ganjil for polynomials and use berpangkat ganjil for power functions.
PC2E-TERM-0168,concept-polynomial-division,polynomial division,pembagian polinomial,pembagian suku banyak,,polynomial arithmetic,formal,accepted,m49348 definitions worked examples exercises and glossary,Use polinomial consistently with the established formal corpus term.
PC2E-TERM-0169,concept-long-division,long division,pembagian bersusun,pembagian panjang,,polynomial and whole-number division,formal,accepted,m49348 worked procedures figures and exercises,Use pembagian bersusun as the natural Indonesian procedural term; do not translate literally as pembagian panjang.
PC2E-TERM-0170,concept-synthetic-division,synthetic division,metode Horner,pembagian sintetis,,polynomial division,formal,accepted,official 2024 Indonesian advanced-mathematics textbook pp. 73-75 and m49348,Introduce once as metode Horner (pembagian sintetis); thereafter use metode Horner. Restricted to a divisor of the form x minus c.
PC2E-TERM-0171,concept-dividend,dividend,yang dibagi,dividen,,division,formal,accepted,m49348 division identity labeled figure and glossary,Prefer the transparent role phrase yang dibagi in reader prose and diagrams.
PC2E-TERM-0172,concept-divisor,divisor,pembagi,,,division,formal,accepted,m49348 division identity labeled figure and glossary,
PC2E-TERM-0173,concept-quotient,quotient,hasil bagi,,,division,formal,accepted,m49348 division identity labeled figure and glossary,
PC2E-TERM-0174,concept-remainder,remainder,sisa,,,division,formal,accepted,m49348 division identity labeled figure and glossary,
PC2E-TERM-0175,concept-polynomial-division-algorithm,Division Algorithm,Algoritma Pembagian Polinomial,Algoritma Pembagian,,polynomial division,formal,accepted,official 2024 Indonesian advanced-mathematics textbook p. 71 and m49348 formal note key equation and glossary,Use the expanded formal name in m49348; the nonzero condition applies to divisor d(x) and the remainder is zero or has degree below degree d.
PC2E-TERM-0176,concept-remainder-theorem,Remainder Theorem,Teorema Sisa,,,polynomial evaluation,formal,accepted,official 2024 Indonesian advanced-mathematics textbook physical PDF pp. 90-95 and m49349 theorem section and glossary,
PC2E-TERM-0177,concept-factor-theorem,Factor Theorem,Teorema Faktor,,,polynomial factorization,formal,accepted,official 2024 Indonesian advanced-mathematics textbook physical PDF pp. 95-99 and m49349 theorem section and glossary,
PC2E-TERM-0178,concept-rational-zero-theorem,Rational Zero Theorem,Teorema Nilai Nol Rasional,Teorema Akar Rasional,,polynomial zeros,formal,accepted,m49349 theorem statement worked examples key concepts and glossary,Prefer nilai nol for functions in this corpus; akar remains the equation-solving synonym.
PC2E-TERM-0179,concept-fundamental-theorem-of-algebra,Fundamental Theorem of Algebra,Teorema Dasar Aljabar,Teorema Fundamental Aljabar,,polynomial zeros over complex numbers,formal,accepted,m49349 theorem statement proof examples key concepts and glossary,Always preserve the nonconstant condition and count exactly n complex zeros only with multiplicity.
PC2E-TERM-0180,concept-linear-factorization-theorem,Linear Factorization Theorem,Teorema Faktorisasi Linear,,,polynomial factorization over complex numbers,formal,accepted,m49349 theorem section examples key concepts and glossary,State the leading coefficient and count repeated linear factors with multiplicity.
PC2E-TERM-0181,concept-descartes-rule-of-signs,Descartes’ Rule of Signs,Aturan Tanda Descartes,Aturan Descartes,,polynomial real-zero bounds,formal,accepted,m49349 theorem statement worked example exercises key concepts and glossary,
PC2E-TERM-0182,concept-zero-multiplicity,multiplicity,multiplisitas,,,polynomial zeros,formal,accepted,m49347-m49349 definitions worked examples graph behavior and independent mathematical review,Count repeated roots by multiplisitas; do not imply distinct roots.
PC2E-TERM-0183,concept-even-zero-graph-behavior,bounce off the x-axis,menyentuh sumbu x lalu berbalik arah,berbalik|seolah memantul,menyinggung as an exact parity criterion,polynomial graph behavior,formal,accepted,m49347 established prose plus independent m49349 mathematical review,Use Berbalik as the short figure label; memantul may appear only as an explanatory metaphor.
PC2E-TERM-0184,concept-odd-zero-graph-behavior,cross the x-axis,melintasi sumbu x,memotong sumbu x|melintas,,polynomial graph behavior,formal,accepted,m49347 established prose plus independent m49349 mathematical review,Use Melintas as the short figure label; melintasi explicitly conveys a side change.
PC2E-TERM-0185,concept-asymptote,asymptote,asimtot,,,rational functions,formal,accepted,m49351 section titles glossary and official Indonesian mathematical usage,Use asimtot consistently; preserve horizontal vertical and slant qualifiers.
PC2E-TERM-0186,concept-vertical-asymptote,vertical asymptote,asimtot vertikal,,,rational functions,formal,accepted,m49351 definitions examples figures and glossary,Use the full phrase in prose and accessibility text.
PC2E-TERM-0187,concept-horizontal-asymptote,horizontal asymptote,asimtot horizontal,,,rational functions,formal,accepted,m49351 definitions examples figures and glossary,Use the full phrase; do not shorten to garis horizontal when naming the concept.
PC2E-TERM-0188,concept-slant-asymptote,slant asymptote,asimtot miring,asimtot oblique,,rational functions,formal,accepted,m49351 cases examples figures and glossary,Use asimtot miring for the degree-difference-one case.
PC2E-TERM-0189,concept-removable-discontinuity,removable discontinuity,diskontinuitas yang dapat dihilangkan,diskontinuitas dapat dihapus,,rational functions,formal,accepted,m49351 definition examples figures and glossary,Use the complete preferred phrase; titik lubang is an explanatory visual synonym only.
PC2E-TERM-0190,concept-hole,hole,titik lubang,titik yang dapat dihilangkan,,rational functions,reader,accepted,m49351 graph discussion and glossary,Use titik lubang when referring to the open-circle feature; retain the formal term for the concept.
PC2E-TERM-0191,concept-radical-function,radical function,fungsi akar,fungsi radikal,,radicals and functions,formal,accepted,m49352 terminology QA plus official Kemdikbud student and advanced texts,Use fungsi akar as the preferred reader term; introduce fungsi akar (radikal) only as an optional first-use bridge and keep fungsi akar kuadrat and fungsi akar pangkat tiga for specific roots.
PC2E-TERM-0192,concept-direct-variation,direct variation,variasi langsung,hubungan berbanding lurus,,variation models,formal,accepted,m49353 definitions and official Kemdikbud convention perbandingan senilai,"Use variasi langsung as the named source concept; in explanatory prose translate varies directly as berbanding lurus."
PC2E-TERM-0193,concept-varies-directly,varies directly,berbanding lurus,bervariasi langsung,,variation models,reader,accepted,m49353 definitions examples and official Kemdikbud convention perbandingan senilai,Prefer the natural predicate berbanding lurus while retaining variasi langsung for the formal concept label.
PC2E-TERM-0194,concept-inverse-variation,inverse variation,variasi invers,hubungan berbanding terbalik,,variation models,formal,accepted,m49353 definitions and official Kemdikbud convention perbandingan berbalik nilai,"Use variasi invers as the named source concept; do not confuse it with inverse function."
PC2E-TERM-0195,concept-varies-inversely,varies inversely,berbanding terbalik,bervariasi secara invers,,variation models,reader,accepted,m49353 definitions examples and official Kemdikbud convention perbandingan berbalik nilai,Prefer the natural predicate berbanding terbalik.
PC2E-TERM-0196,concept-joint-variation,joint variation,variasi bersama,variasi gabungan,,variation models,formal,accepted,m49353 definition examples key concepts and glossary,Use variasi bersama when one dependent quantity varies with a product or quotient of multiple variables; reserve variasi gabungan for the broader combined case.
PC2E-TERM-0197,concept-constant-of-variation,constant of variation,konstanta variasi,konstanta perbandingan,,variation models,formal,accepted,m49353 definitions worked examples key equations and glossary,Use konstanta variasi consistently for k; explain it as the fixed ratio or product appropriate to the model.
PC2E-TERM-0198,concept-exponential-function,exponential function,fungsi eksponensial,,,exponential functions,formal,accepted,m49361 plus Kemdikbudristek 2024 and Universitas Jember 2019 direct field usage,Use fungsi eksponensial consistently for a function with the variable in the exponent.
PC2E-TERM-0199,concept-exponential-growth,exponential growth,pertumbuhan eksponensial,,,exponential functions,formal,accepted,m49361 plus Kemdikbudristek 2019 module and Universitas Jember 2019 calculus textbook,Use only when the positive-coefficient model has base greater than one or positive continuous rate.
PC2E-TERM-0200,concept-exponential-decay,exponential decay,peluruhan eksponensial,penyusutan eksponensial,,exponential functions,formal,accepted,m49361 plus Kemdikbudristek 2019 module and Universitas Jember 2019 calculus textbook,Prefer peluruhan for the named mathematical process; penyusutan may explain context-specific loss.
PC2E-TERM-0201,concept-growth-factor,growth factor,faktor pertumbuhan,,,exponential functions,formal,accepted,m49361 percent-change construction and glossary,Use for the multiplicative factor greater than one applied per interval.
PC2E-TERM-0202,concept-decay-factor,decay factor,faktor peluruhan,faktor penyusutan,,exponential functions,formal,accepted,m49361 percent-change construction and glossary,Use for the positive multiplicative factor below one applied per interval.
PC2E-TERM-0203,concept-compound-interest,compound interest,bunga majemuk,,,finance applications,formal,accepted,m49361 plus Kemdikbudristek 2019 module and Universitas Jember 2019 calculus textbook,Use bunga majemuk for accumulated interest calculated on principal plus prior interest.
PC2E-TERM-0204,concept-compounding,compounding,pemajemukan,proses bunga majemuk,,finance applications,formal,accepted,m49361 plus Universitas Jember 2019 calculus textbook,Use pemajemukan for the process and dimajemukkan for the passive verb.
PC2E-TERM-0205,concept-continuous-growth,continuous growth,pertumbuhan kontinu,pertumbuhan berkelanjutan,,continuous exponential models,formal,accepted,m49361 plus Universitas Jember 2019 continuous-compounding treatment,Use kontinu for the mathematical model governed by e to the rt.
PC2E-TERM-0206,concept-continuous-decay,continuous decay,peluruhan kontinu,peluruhan berkelanjutan,,continuous exponential models,formal,accepted,m49361 plus Universitas Jember 2019 exponential-decay treatment,Use kontinu consistently with the model parameter r less than zero.
PC2E-TERM-0207,concept-annual-percentage-rate,annual percentage rate (APR),suku bunga tahunan (APR),tingkat persentase tahunan,,finance applications,formal,accepted,m49361 compound-interest parameter list and key concepts,Retain APR in parentheses at first use because it is the source abbreviation.
PC2E-TERM-0208,concept-nominal-rate,nominal rate,suku bunga nominal,tingkat nominal,,finance applications,formal,accepted,m49361 continuous-compounding examples and glossary,Use suku bunga nominal when the stated annual rate differs from effective yield.
PC2E-TERM-0209,concept-parent-function,parent function,fungsi dasar,fungsi induk|fungsi acuan,fungsi orang tua,function transformations,formal,accepted,m49362 recurring transformation prose plus the established corpus convention for a base or toolkit function,Use fungsi dasar consistently for the untransformed reference function; retain fungsi induk and fungsi acuan only as recognized variants.
PC2E-TERM-0210,concept-logarithm,logarithm,logaritma,,,logarithmic functions,formal,accepted,m49363 definitions and Indonesian field-usage evidence already bound in TERMINOLOGY_QA_20260824.json,Use logaritma for the exponent required to obtain a number from a stated base.
PC2E-TERM-0211,concept-common-logarithm,common logarithm,logaritma umum,logaritma basis sepuluh,,logarithmic functions,formal,accepted,m49363 definitions plus Kemdikbudristek and Universitas Jember field usage,Use logaritma umum for base ten; explain the base explicitly at first useful occurrence.
PC2E-TERM-0212,concept-natural-logarithm,natural logarithm,logaritma natural,logaritma alami,,logarithmic functions,formal,accepted,m49363 definitions plus Kemdikbudristek and Universitas Jember field usage,Prefer logaritma natural for base e; logaritma alami is a recognized explanatory variant only.
PC2E-TERM-0213,concept-logarithmic-form,logarithmic form,bentuk logaritma,bentuk logaritmik,,logarithmic functions,formal,accepted,m49363 conversion objectives examples and direct Indonesian field usage,Use bentuk logaritma when contrasting an equation with its equivalent exponential form.
PC2E-TERM-0214,concept-exponential-form,exponential form,bentuk eksponensial,,,logarithmic functions,formal,accepted,m49363 conversion objectives examples and direct Indonesian field usage,Use bentuk eksponensial for an equivalent equation written with the variable in an exponent or as a power relation.
PC2E-TERM-0215,concept-logarithm-base,base,basis,alas,,logarithmic and exponential notation,formal,accepted,m49363 notation definitions and Indonesian mathematics convention,Use basis for the base of an exponential or logarithm; reject the literal geometric word alas in this scope.
PC2E-TERM-0216,concept-logarithm-argument,argument,argumen,masukan logaritma,,logarithmic functions,formal,accepted,m49363 common and natural logarithm sections plus Indonesian mathematical convention,Use argumen for the input expression of a logarithm; masukan logaritma may explain it at first use.
PC2E-TERM-0217,concept-properties-logarithms,Properties of Logarithms,sifat-sifat logaritma,identitas logaritma|hukum logaritma,,logarithm manipulation,formal,accepted,"2024 Kementerian Pendidikan advanced-mathematics textbook printed pp. 251-252 and m49365 section terminology","Prefer sifat-sifat logaritma for the collective topic; identitas logaritma is an attested formal variant, while hukum logaritma is retained as a source-facing variant."
PC2E-TERM-0218,concept-logarithm-product-rule,product rule for logarithms,aturan hasil kali logaritma,sifat hasil kali logaritma|sifat hasil kali,,logarithm manipulation,formal,accepted,"m49365 glossary and exact product identity corroborated by 2024 Kementerian Pendidikan advanced-mathematics textbook printed p. 251","Use aturan hasil kali logaritma in glossary definitions; shorter sifat hasil kali is acceptable in a section whose logarithmic scope is explicit."
PC2E-TERM-0219,concept-logarithm-quotient-rule,quotient rule for logarithms,aturan hasil bagi logaritma,sifat hasil bagi logaritma|sifat hasil bagi,,logarithm manipulation,formal,accepted,"m49365 glossary and exact quotient identity corroborated by 2024 Kementerian Pendidikan advanced-mathematics textbook printed p. 251","Use aturan hasil bagi logaritma in glossary definitions; shorter sifat hasil bagi is acceptable in an explicit logarithmic context."
PC2E-TERM-0220,concept-logarithm-power-rule,power rule for logarithms,aturan pangkat logaritma,sifat pangkat logaritma,,logarithm manipulation,formal,accepted,"m49365 glossary and exact power identity corroborated by 2024 Kementerian Pendidikan advanced-mathematics textbook printed p. 251",Keep aturan pangkat logaritma as the stable corpus term; the ministry source attests the identity under the collective label identitas logaritma.
PC2E-TERM-0221,concept-change-of-base-formula,change-of-base formula,rumus perubahan basis,formula perubahan basis,,logarithm manipulation,formal,accepted,"m49365 definition and formula corroborated by 2024 Kementerian Pendidikan advanced-mathematics textbook printed p. 251","The formula is independently attested; rumus perubahan basis remains the clear corpus label even though the fallback source does not name it separately."
PC2E-TERM-0222,concept-expand-logarithm,expand a logarithm,menguraikan logaritma,menjabarkan logaritma,,logarithm manipulation,instructional,provisional,m49365 objectives worked examples and glossary-adjacent usage,"Use menguraikan for rewriting one logarithm as a sum or difference; the inspected Indonesian field source supplies no competing named operation, so retain provisional status."
PC2E-TERM-0223,concept-condense-logarithm,condense logarithms,memadatkan logaritma,menggabungkan logaritma,,logarithm manipulation,instructional,provisional,m49365 objectives worked examples and glossary-adjacent usage,"Use memadatkan for rewriting a sum or difference as one logarithm; explain with menggabungkan where needed, and retain provisional status because the inspected field source does not name the operation."
PC2E-TERM-0224,concept-exponential-equation,exponential equation,persamaan eksponensial,,,exponential and logarithmic equations,formal,accepted,"m49366 title, abstract, objectives, definition, worked examples, and independent language QA","Use persamaan eksponensial for an equation in which the variable occurs in an exponent; do not confuse it with fungsi eksponensial."
PC2E-TERM-0225,concept-logarithmic-equation,logarithmic equation,persamaan logaritma,persamaan logaritmik,,exponential and logarithmic equations,formal,accepted,"m49366 title, abstract, objectives, and independent language QA","Prefer persamaan logaritma, matching fungsi logaritma; retain logaritmik only as a recognized adjectival variant."
PC2E-TERM-0226,concept-common-base,like bases,basis yang sama,basis serupa,basis umum,exponential equations,instructional,accepted,"m49366 abstract, first objective, worked examples, and independent language QA","Use basis yang sama when two expressions can be rewritten with one identical base; reject basis umum because it can be confused with logaritma umum."
PC2E-TERM-0227,concept-common-base,common base,basis yang sama,basis bersama,basis umum,exponential equations,instructional,accepted,"m49366 first objective, worked examples, and independent language QA","Map the source variants like bases and common base to one stable Indonesian form: basis yang sama."
PC2E-TERM-0228,concept-exact-answer,exact answer,jawaban eksak,nilai eksak,,equation solving,formal,accepted,"m49366 worked examples, try-it instructions, and independent language QA","Use jawaban eksak when the unsimplified logarithmic expression is retained before a decimal approximation."
PC2E-TERM-0229,concept-approximate-value,approximate value,nilai hampiran,aproksimasi,,equation solving,formal,accepted,"m49366 worked examples, practice instructions, and independent language QA","Use nilai hampiran for a numerical approximation and state the requested decimal precision explicitly."
PC2E-TERM-0230,concept-exponential-one-to-one-property,one-to-one property of exponential functions,sifat satu-ke-satu fungsi eksponensial,sifat injektif fungsi eksponensial,,exponential equations,formal,accepted,"existing accepted fungsi satu-ke-satu mapping plus m49366 eip-423 and independent mathematical-language QA","Use the explanatory satu-ke-satu form in introductory prose; the property permits equating exponents only after both sides have the same admissible base."
PC2E-TERM-0231,concept-logarithmic-one-to-one-property,one-to-one property of logarithms,sifat satu-ke-satu fungsi logaritma,sifat injektif fungsi logaritma,,logarithmic equations,formal,accepted,"existing accepted fungsi satu-ke-satu mapping plus corrected m49366 eip-237 and independent mathematical-language QA","Use the same canonical label in objectives and property boxes; the implication requires the same admissible logarithm base."
PC2E-TERM-0232,concept-properties-exponents,properties of exponents,sifat-sifat eksponen,hukum eksponen,,exponential equations,formal,accepted,"m49365 exponent review, m49366 first objective, and independent language QA","Use sifat-sifat eksponen for the collective rules used to rewrite both sides with the same base."
PC2E-TERM-0233,concept-extraneous-solution,extraneous solution,solusi semu,penyelesaian semu|solusi asing,solusi ekstran,equation solving,formal,accepted,"m49366 eip-604 domain check and Rafli et al. 2025 DOI 10.23969/jp.v10i03.33165 explicitly glossing solusi semu (extraneous solution)","Use solusi semu for an algebraic candidate that fails the original equation or its domain conditions; verify candidates in the original equation."
PC2E-TERM-0234,concept-exponent-power-property,Power Property,Sifat Pangkat,sifat pangkat dari perpangkatan|sifat memangkatkan perpangkatan,,exponent rules,formal,accepted,"m49365 eip-idm200374592 and eip-73 plus m49366 eip-687 and independent terminology QA","Use Sifat Pangkat for the power-of-a-power identity (a^m)^n=a^(mn); distinguish it from aturan pangkat logaritma in PC2E-TERM-0220."
PC2E-TERM-0235,concept-distributive-property,distributive law,sifat distributif,hukum distributif,,algebraic properties,formal,accepted,"m49301 and m49335 established usage plus m49366 eip-id1165137673370 and independent terminology QA","Use sifat distributif for distributing multiplication over addition or subtraction; retain hukum distributif only as a recognized variant."
PC2E-TERM-0236,concept-half-life,half-life,waktu paruh,masa paruh,,radioactive decay,formal,accepted,"m49366 term-00007 and Table_04_06_001 plus independent language and terminology QA","Use waktu paruh for the time required for half of a radioactive sample to decay; retain masa paruh only as a recognized variant."
PC2E-TERM-0237,concept-radioactive-decay,radioactive decay,peluruhan radioaktif,decay radioaktif,,exponential applications,formal,accepted,"accepted m49361 eip-677 usage plus m49366 eip-247 and independent language QA","Use peluruhan radioaktif for radioactive decrease modeled exponentially; do not confuse it with the broader peluruhan eksponensial."
PC2E-TERM-0238,concept-sound-intensity-level,sound intensity level,taraf intensitas bunyi,tingkat intensitas bunyi|taraf intensitas suara,taraf desibel,sound measurement,formal,accepted,"m49367 eip-185 and independent language physics QA","Use taraf intensitas bunyi for the logarithmic dB quantity; reserve intensitas bunyi for I in W/m² and avoid the noncanonical phrase taraf desibel."
PC2E-TERM-0239,concept-decibel,decibel,desibel,,,sound measurement,formal,accepted,"m49367 eip-185 and standard Indonesian scientific spelling","Use symbol dB unchanged and desibel in prose."
PC2E-TERM-0240,concept-logarithmic-scale,logarithmic scale,skala logaritmik,skala logaritma,,logarithmic models,formal,accepted,"m49367 eip-738 plus established m49363 corpus usage and independent language QA","Use the adjective logaritmik when a scale has logarithmic structure."
PC2E-TERM-0241,concept-earthquake-magnitude,earthquake magnitude,magnitudo gempa bumi,besar gempa bumi,,earthquake models,formal,accepted,"m49367 eip-738 eip-436 and independent mathematical-language QA","Use magnitudo for the logarithmic earthquake measure; distinguish it from felt-intensity scales."
PC2E-TERM-0242,concept-reference-intensity,reference intensity,intensitas acuan,,,sound and earthquake-ratio models,formal,accepted,"m49367 eip-253 eip-738 eip-436 and independent physics QA","State I as an intensity ratio against an acuan when it appears inside a logarithm; this keeps the logarithm dimensionless."
PC2E-TERM-0243,concept-doubling-time,doubling time,waktu penggandaan,waktu pelipatan ganda,,exponential growth,formal,accepted,"m49367 fs-id1165135169375 and independent mathematical-language QA","Use waktu penggandaan for the time required by an exponentially growing quantity to become twice its initial amount."
PC2E-TERM-0244,concept-order-of-magnitude,order of magnitude,orde besaran,tingkat besaran,,scientific notation,formal,accepted,"m49367 fs-id1165137414501 and independent mathematical-language QA","Use orde besaran for the power of ten associated with a number written in normalized scientific notation."
PC2E-TERM-0245,concept-radioactive-isotope,radioactive isotope,isotop radioaktif,,,nuclear decay,formal,accepted,"m49367 fs-id1165137803583 and established Indonesian scientific morphology","Use isotop radioaktif for an isotope whose unstable nuclei undergo radioactive decay."
PC2E-TERM-0246,concept-decay-rate,decay rate,laju peluruhan,konstanta peluruhan,,exponential decay,formal,accepted,"m49367 fs-id1165137418076 and half-life derivation","Use laju peluruhan for the signed exponential rate k in general prose; use konstanta peluruhan only where the convention explicitly defines a positive lambda with k=-lambda."
PC2E-TERM-0247,concept-radiocarbon-dating,radiocarbon dating,penanggalan radiokarbon,penanggalan karbon,,archaeometry and radioactive decay,formal,accepted,"m49367 term-00012 and standard Indonesian scientific formation","Use penanggalan radiokarbon for dating organic material through its carbon-14 content."
PC2E-TERM-0248,concept-liquid-scintillation,liquid scintillation,sintilasi cair,,,radiometric measurement,formal,accepted,"m49367 fs-id1165137841700 and Indonesian laboratory terminology","Use sintilasi cair for the measurement method; do not translate scintillation as a generic flicker."
PC2E-TERM-0249,concept-cesium-137,Cesium-137,sesium-137,caesium-137,,radioactive isotopes,formal,accepted,"m49367 ti_04_07_02 and Indonesian element nomenclature","Use sesium for chemical element Cs in Indonesian prose; retain the isotope number and symbol unchanged."
PC2E-TERM-0250,concept-moores-law,Moore's Law,Hukum Moore,,,exponential technology models,formal,accepted,"m49367 Example_04_07_04 and standard Indonesian technology usage","Preserve Moore as a proper name and translate Law as Hukum; the 2013 slowdown statement remains source-dated rather than presented as current evidence."
PC2E-TERM-0251,concept-newtons-law-of-cooling,Newton's Law of Cooling,Hukum Pendinginan Newton,,,temperature models,formal,accepted,"m49366 fs-id1165137734988; m49367 fs-id1165137854981; independent mathematical-language QA","Preserve Newton as a proper name and use pendinginan for temperature decrease toward the ambient temperature."
PC2E-TERM-0252,concept-ambient-temperature,ambient temperature,suhu lingkungan,suhu lingkungan sekitar|suhu sekitar,,temperature models,formal,accepted,"m49366 fs-id1165137734988; m49367 fs-id1165137854981; independent mathematical-language QA","Use suhu lingkungan as the concise default for the asymptotic surrounding temperature; longer variants remain acceptable when prose requires them."
PC2E-TERM-0253,concept-continuous-cooling-rate,continuous rate of cooling,laju pendinginan kontinu,laju pendinginan,,temperature models,formal,accepted,"m49367 fs-id1165137854981 and exact formula audit","In the form T(t)=Ae^(kt)+T_s cooling requires k<0; in the alternate form T(t)=T_s+(T_0-T_s)e^(-kt) the named rate k is conventionally positive."
PC2E-TERM-0254,concept-logistic-growth-model,logistic growth model,model pertumbuhan logistik,model logistik,,bounded population models,formal,accepted,"m49367 fs-id1165137737677; independent mathematical-language QA","Use model pertumbuhan logistik for the full named model and model logistik only as a concise subsequent reference."
PC2E-TERM-0255,concept-carrying-capacity,carrying capacity,daya dukung,kapasitas dukung,kapasitas pembawa,bounded population models,formal,accepted,"m49367 fs-id1165137737677; Indonesian ecology usage; exact asymptote audit","Use daya dukung for the upper asymptotic population supported by the environment; do not translate it literally as kapasitas pembawa."
PC2E-TERM-0256,concept-limiting-value,limiting value,nilai batas,limit nilai,,limits and bounded models,formal,accepted,"m49367 fs-id1165137737677; exact model audit","Use nilai batas for the value approached by the model; distinguish it from the operation or concept limit when that distinction matters."
PC2E-TERM-0257,concept-point-maximum-growth-rate,point of maximum growth rate,titik laju pertumbuhan maksimum,titik pertumbuhan maksimum,,logistic growth,formal,accepted,"m49367 fs-id1165137737677; exact inflection-point audit","The point is where the rate of growth is maximal, at (ln(a)/b,c/2); retain laju in explanatory prose to avoid implying a maximum population value."
PC2E-TERM-0258,concept-communicable-disease,communicable disease,penyakit menular,,,epidemiological models,formal,accepted,"m49367 fs-id1165137737677; Indonesian public-health usage","Use penyakit menular for a disease transmissible within a population."
PC2E-TERM-0259,concept-virus-strain,strain,galur virus,galur,,epidemiological models,formal,accepted,"m49367 fs-id1165137737677; Indonesian biological usage","Use galur virus when the referent is a distinct influenza-virus strain; galur alone is acceptable only when the referent is already explicit."
PC2E-TERM-0260,concept-concavity,concavity,kecekungan,,,function graphs and model selection,formal,accepted,"m49367 fs-id1165135511570; Indonesian calculus usage","Use kecekungan for the curvature property; qualify the model family when a concavity claim is not true for arbitrary reflections or parameter signs."
PC2E-TERM-0261,concept-concave-up,concave up,cekung ke atas,,,function graphs and model selection,formal,accepted,"m49367 fs-id1165135511570; Indonesian calculus usage","Use cekung ke atas for positive second-derivative curvature in the relevant interval."
PC2E-TERM-0262,concept-concave-down,concave down,cekung ke bawah,,,function graphs and model selection,formal,accepted,"m49367 fs-id1165135511570; Indonesian calculus usage","Use cekung ke bawah for negative second-derivative curvature in the relevant interval."
PC2E-TERM-0263,concept-inflection-point,point of inflection,titik belok,,,function graphs and logistic models,formal,accepted,"m49367 fs-id1165135511570; Indonesian calculus usage","Use titik belok only where concavity changes; distinguish it from titik balik, which denotes a turning point or local-direction reversal."
PC2E-TERM-0264,concept-raw-data,raw data,data mentah,,,data modeling,formal,accepted,"m49367 fs-id1165135511570; Indonesian statistics usage","Use data mentah for observations before transformation, aggregation, or model fitting."
PC2E-TERM-0265,concept-regression-analysis,regression analysis,analisis regresi,,,data modeling,formal,accepted,"m49367 fs-id1165135511570; established Indonesian statistics usage","Use analisis regresi for fitting a model to data; retain more specific registered regression terms where the method is named."
PC2E-TERM-0266,concept-round-off-error,round-off error,galat pembulatan,kesalahan pembulatan,,numerical computation,formal,accepted,"m49367 fs-id1165135511570; Indonesian numerical-analysis usage","Use galat pembulatan in formal mathematical prose; choosing separated points may reduce its impact in this construction but is not a universal guarantee."
PC2E-TERM-0267,concept-elementary-function,elementary function,fungsi elementer,fungsi dasar,,function classification,formal,accepted,"m49367 fs-id1165135511570; Indonesian mathematics usage","Use fungsi elementer for functions built from standard algebraic, exponential, logarithmic, trigonometric, and inverse operations."
PC2E-TERM-0268,concept-therapeutic-drug,therapeutic drug,obat terapeutik,,,medical decay-model scenario,formal,accepted,"m49367 fs-id1165135456884; Indonesian pharmacological usage","Use obat terapeutik for a drug administered for treatment; do not translate therapeutic as a claim about the mathematical model."
PC2E-TERM-0269,concept-iodine-125,Iodine-125,iodin-125,yodium-125,,radioactive-decay scenario,formal,accepted,"m49367 fs-id1165135456884; Indonesian chemical nomenclature","Use iodin-125 for the isotope name; preserve the nuclide number and lowercase common-noun form in running prose."
PC2E-TERM-0270,concept-moment-magnitude-scale,Moment Magnitude Scale,skala magnitudo momen,skala MMS,,earthquake magnitude,formal,accepted,"m49367 fs-id1165135456884; Indonesian seismological usage","Use skala magnitudo momen and retain MMS when the source uses the abbreviation."
PC2E-TERM-0271,concept-vacuum-cleaner,Vacuum,penyedot debu,vakum,,sound-intensity scenario,formal,accepted,"m49367 fs-id1165135456884; value 10^-4 W/m^2 identifies the appliance","Translate the source label Vacuum as penyedot debu in this sound-intensity list; a physical vacuum does not emit the modeled sound intensity."
PC2E-TERM-0272,concept-cricket-chirp,cricket chirp,kicauan jangkrik,derikan jangkrik,,scatterplot and regression contexts,formal,accepted,"m49327 Example_02_04_01 and localized Figure_02_04_002; m49368 Example_04_03_01 and PC2E-ASSET-ID-0127","Use kicauan jangkrik for the repeated cricket-temperature dataset so prose accessibility text tables and localized figures remain consistent across modules."
PC2E-TERM-0273,concept-exponential-regression,exponential regression,regresi eksponensial,,,statistical modeling,formal,accepted,"m49361 recurring prose; m49368 fs-id1424609 and independent semantic QA","Use regresi eksponensial for fitting an exponential model to paired data; retain the calculator command ExpReg literally."
PC2E-TERM-0274,concept-coefficient-of-determination,coefficient of determination,koefisien determinasi,,,statistics and regression,formal,accepted,"m49368 fs-id1365833 and independent mathematical QA","Use koefisien determinasi for r squared; do not call r squared a correlation coefficient."
PC2E-TERM-0275,concept-goodness-of-fit,goodness of fit,tingkat kesesuaian,kecocokan model,tingkat kecocokan,regression model evaluation,formal,accepted,"m49368 fs-id1365833 and independent terminology QA","Use tingkat kesesuaian for the degree to which a regression model fits observed data; kecocokan model may be explanatory prose."
PC2E-TERM-0276,concept-exponential-pattern,exponential pattern,pola eksponensial,,,statistical modeling and data recognition,formal,accepted,"m49368 fs-id1375157 and independent semantic QA","Use pola eksponensial when observed data exhibit the shape expected of exponential growth or decay; this does not by itself prove a unique causal model."
PC2E-TERM-0277,concept-relative-risk,relative risk,risiko relatif,,,probability epidemiology and risk modeling,formal,accepted,"m49368 Example_04_08_01 and independent semantic QA","Use risiko relatif for the ratio of an exposed-event probability to the comparison probability; express a value such as 26.35 as a 26.35-fold risk rather than an additive times-more claim."
PC2E-TERM-0278,concept-blood-alcohol-level,blood alcohol level (BAC),kadar alkohol dalam darah (BAC),konsentrasi alkohol dalam darah (BAC),,risk-model scenario,formal,accepted,"m49368 Example_04_08_01 and Indonesian medical usage","Use kadar alkohol dalam darah in learner-facing prose and preserve the source abbreviation BAC and numerical values."
PC2E-TERM-0279,concept-scientific-notation,scientific notation,notasi ilmiah,,,numerical representation,formal,accepted,"m49368 Example_04_08_01 and established Indonesian mathematics usage","Use notasi ilmiah for powers-of-ten number representation; retain literal calculator E notation where the source displays a calculator result."
PC2E-TERM-0280,concept-nearest-hundredth,nearest hundredth,seperseratus terdekat,perseratus terdekat,,rounding,formal,accepted,"m49368 Example_04_08_01 and independent mathematical-language QA","Use seperseratus terdekat for rounding to two decimal places while preserving the source numerical precision."
PC2E-TERM-0281,concept-logarithmic-model,logarithmic model,model logaritma,model logaritmik,,statistical modeling,formal,accepted,"m49368 fs-id1137429 and independent semantic terminology QA","Use model logaritma for a model of the form y=a+b ln(x); retain model logaritmik as a recognized adjectival variant."
PC2E-TERM-0282,concept-logarithmic-regression,logarithmic regression,regresi logaritmik,regresi logaritma,,statistical modeling,formal,accepted,"m49368 fs-id1675578 and independent semantic terminology QA","Use regresi logaritmik for fitting y=a+b ln(x) to paired data; retain the calculator command LnReg literally."
PC2E-TERM-0283,concept-logarithmic-pattern,logarithmic pattern,pola logaritmik,pola logaritma,,statistical modeling and data recognition,formal,accepted,"m49368 fs-id1530388 and independent semantic QA","Use pola logaritmik when observed data exhibit rapid initial change followed by a slowing rate; this does not by itself establish a unique causal model."
PC2E-TERM-0284,concept-life-expectancy,life expectancy,harapan hidup,ekspektasi hidup,,demography medicine and statistical modeling,formal,accepted,"m49368 Example_04_08_02 and Indonesian field terminology QA","Use harapan hidup for the expected remaining length of life in learner-facing prose and table labels."
PC2E-TERM-0285,concept-nearest-tenth,nearest tenth,persepuluhan terdekat,sepersepuluh terdekat,,rounding,formal,accepted,"m49368 Example_04_08_02 and established Indonesian mathematics usage","Use persepuluhan terdekat for rounding to one decimal place; preserve the stated numerical precision."
PC2E-TERM-0286,concept-video-game,video game,gim video,permainan video,,applied statistical modeling,formal,accepted,"m49368 fs-id1338539 and current Indonesian usage","Use gim video in learner-facing prose; permainan video remains a clear variant."
PC2E-TERM-0287,concept-nearest-thousand,nearest thousand,ribuan terdekat,seribu terdekat,,rounding,formal,accepted,"m49368 fs-id1338539 and established Indonesian mathematics usage","Use ribuan terdekat for rounding a count to the nearest multiple of one thousand; localize 171,000 as 171.000."
PC2E-TERM-0288,concept-logistic-regression,logistic regression,regresi logistik,regresi logistik data,,statistical modeling,formal,accepted,"m49368 fs-id1454974 and established Indonesian statistics usage","Use regresi logistik for fitting the source's logistic growth curve y=c/(1+a e^(-bx)); do not confuse this textbook usage with binary-response logistic regression without context."
PC2E-TERM-0289,concept-upper-bound,upper bound,batas atas,batas atas fungsi,,bounded functions and models,formal,accepted,"m49368 fs-id1599403 and mathematical semantics QA","Use batas atas for the value no model output exceeds; in this positive-parameter logistic model the horizontal asymptote is y=c."
PC2E-TERM-0290,concept-logistic-pattern,logistic pattern,pola logistik,pola pertumbuhan logistik,,statistical modeling and data recognition,formal,accepted,"m49368 fs-id1361145 and independent semantic terminology QA","Use pola logistik when a scatterplot exhibits an S-shaped bounded-growth pattern suitable for testing with logistic regression; the visual pattern alone does not prove a causal model."
PC2E-TERM-0291,concept-mobile-cellular-subscriptions-per-100-people,mobile cellular subscriptions (per 100 people),langganan seluler per 100 penduduk,langganan telepon seluler per 100 penduduk,persentase penduduk dengan layanan seluler,telecommunications indicators and statistical modeling,formal,accepted,"World Bank indicator IT.CEL.SETS.P2 metadata and m49368 Example_04_08_03 independent QA","Use this term for subscription count multiplied by 100 and divided by population. It is not a percentage of distinct residents and may exceed 100 when people hold multiple subscriptions."
PC2E-TERM-0292,concept-harbor-seal,harbor seal,anjing laut pelabuhan,,,marine mammals and statistical modeling,formal,accepted,"m49368 fs-id1394388 and independent semantic terminology QA","Use anjing laut pelabuhan for the species/common-name reference in the Wadden Sea population dataset; retain ekor as the classifier for individual animals."
PC2E-TERM-0293,concept-nearest-whole-number,nearest whole number,bilangan bulat terdekat,bilangan bulat yang paling dekat,,rounding,formal,accepted,"m49368 fs-id1522159 and established Indonesian mathematics usage","Use bilangan bulat terdekat for rounding to zero decimal places; preserve the source's requested precision."
PC2E-TERM-0294,concept-equivalent-model,equivalent model,model ekuivalen,model yang setara,,mathematical modeling,formal,accepted,"m49368 fs-id1660230 and mathematical semantic QA","Use model ekuivalen only when the rewritten model has the same value for every admissible input."
PC2E-TERM-0295,concept-significant-digit,significant digit,angka penting,digit signifikan,,numerical precision,formal,accepted,"m49368 fs-id1660230 and established Indonesian mathematics usage","Use angka penting for significant figures or digits and retain the source's requested count."
PC2E-TERM-0296,concept-graphing-calculator,graphing calculator,kalkulator grafik,kalkulator penggambar grafik,,graphing technology,formal,accepted,"m49368 Technology exercises and established Indonesian mathematics usage","Use kalkulator grafik when the source explicitly names a calculator; retain perangkat grafik for a broader graphing utility."
PC2E-TERM-0297,concept-scatter-diagram,scatter diagram,diagram pencar,plot pencar,,statistics and data modeling,formal,accepted,"m49368 Technology exercises; aligned with PC2E-TERM-0129","Use diagram pencar consistently for both scatter diagram and scatter plot."
PC2E-TERM-0298,concept-regression-feature,regression feature,fitur regresi,fitur analisis regresi,,graphing technology,formal,accepted,"m49368 Technology exercises and prior regression workflow","Use fitur regresi for the calculator function that fits a selected regression model."
PC2E-TERM-0299,concept-intersect-feature,intersect feature,fitur perpotongan,fitur interseksi,,graphing technology,formal,accepted,"m49368 Technology exercises and mathematical-language QA","Use fitur perpotongan for the calculator command that numerically locates an intersection of two graphed relations."
PC2E-TERM-0300,concept-endangered-species,endangered species,spesies terancam punah,spesies terancam,,ecology and population modeling,formal,accepted,"m49368 fs-id1338707 and standard Indonesian conservation usage","Use spesies terancam punah when the source explicitly states endangered status; do not infer that status for other species."
PC2E-TERM-0301,concept-conjecture,conjecture,konjektur,dugaan,,mathematical reasoning,formal,accepted,"m49368 Extensions fs-id1435401 and standard Indonesian mathematical usage","Use konjektur for a mathematically motivated proposition that remains to be verified; use dugaan only in informal explanatory prose."
PC2E-TERM-0302,concept-decimal-place,decimal place,tempat desimal,posisi desimal,,numerical precision,formal,accepted,"m49368 Extensions fs-id1435401 and established Indonesian school mathematics usage","Use tempat desimal when specifying the number of digits retained to the right of the decimal separator."
PC2E-TERM-0303,concept-regression-curve,regression curve,kurva regresi,kurva hasil regresi,,regression modeling,formal,accepted,"m49368 Extensions solution eip-idm394837984","Use kurva regresi for the graph of a fitted regression formula."
